Artist,Song,ValidLink,ID,KworbLink,Spotify Link
Justin Timberlake,"CAN'T STOP THE FEELING! (from DreamWorks Animation's ""TROLLS"")",True,6JV2JOEocMgcZxYSZelKcc,https://kworb.net/spotify/track/6JV2JOEocMgcZxYSZelKcc.html,https://open.spotify.com/track/6JV2JOEocMgcZxYSZelKcc
Justin Timberlake,Mirrors,True,4rHZZAmHpZrA3iH5zx8frV,https://kworb.net/spotify/track/4rHZZAmHpZrA3iH5zx8frV.html,https://open.spotify.com/track/4rHZZAmHpZrA3iH5zx8frV
Justin Timberlake,SexyBack (feat. Timbaland),True,0O45fw2L5vsWpdsOdXwNAR,https://kworb.net/spotify/track/0O45fw2L5vsWpdsOdXwNAR.html,https://open.spotify.com/track/0O45fw2L5vsWpdsOdXwNAR
Justin Timberlake,Rock Your Body,True,1AWQoqb9bSvzTjaLralEkT,https://kworb.net/spotify/track/1AWQoqb9bSvzTjaLralEkT.html,https://open.spotify.com/track/1AWQoqb9bSvzTjaLralEkT
Justin Timberlake,Cry Me a River,True,7Lf7oSEVdzZqTA0kEDSlS5,https://kworb.net/spotify/track/7Lf7oSEVdzZqTA0kEDSlS5.html,https://open.spotify.com/track/7Lf7oSEVdzZqTA0kEDSlS5
Justin Timberlake,Say Something (feat. Chris Stapleton),True,1LhMopPAallLeaeNutqbgS,https://kworb.net/spotify/track/1LhMopPAallLeaeNutqbgS.html,https://open.spotify.com/track/1LhMopPAallLeaeNutqbgS
Justin Timberlake,My Love (feat. T.I.),False,4NeOWqHmlrGRuBvsLJC9rL,https://kworb.net/spotify/track/4NeOWqHmlrGRuBvsLJC9rL.html,https://open.spotify.com/track/4NeOWqHmlrGRuBvsLJC9rL
Justin Timberlake,What Goes Around.../...Comes Around (Interlude),True,3pD0f7hSJg2XdQ6udw5Tey,https://kworb.net/spotify/track/3pD0f7hSJg2XdQ6udw5Tey.html,https://open.spotify.com/track/3pD0f7hSJg2XdQ6udw5Tey
Justin Timberlake,*Love Never Felt So Good,True,48td6xvpokdYwvbl3JIiXP,https://kworb.net/spotify/track/48td6xvpokdYwvbl3JIiXP.html,https://open.spotify.com/track/48td6xvpokdYwvbl3JIiXP
Justin Timberlake,*4 Minutes (feat. Justin Timberlake & Timbaland),True,1oHClQEgDmmbcEx12Kc5nZ,https://kworb.net/spotify/track/1oHClQEgDmmbcEx12Kc5nZ.html,https://open.spotify.com/track/1oHClQEgDmmbcEx12Kc5nZ
Justin Timberlake,*Give It To Me,False,0wbDgMuAoy7O7pL3a69uZx,https://kworb.net/spotify/track/0wbDgMuAoy7O7pL3a69uZx.html,https://open.spotify.com/track/0wbDgMuAoy7O7pL3a69uZx
Justin Timberlake,*Holy Grail,True,37jTPJgwCCmIGMPB45jrPV,https://kworb.net/spotify/track/37jTPJgwCCmIGMPB45jrPV.html,https://open.spotify.com/track/37jTPJgwCCmIGMPB45jrPV
Justin Timberlake,*Dead And Gone,False,7IhsLJMqdxoo7YAZjaSMru,https://kworb.net/spotify/track/7IhsLJMqdxoo7YAZjaSMru.html,https://open.spotify.com/track/7IhsLJMqdxoo7YAZjaSMru
Justin Timberlake,Suit & Tie (feat. Jay-Z),False,6vt0I1cw1YmAIKDJvHVIM5,https://kworb.net/spotify/track/6vt0I1cw1YmAIKDJvHVIM5.html,https://open.spotify.com/track/6vt0I1cw1YmAIKDJvHVIM5
Justin Timberlake,*Ayo Technology,False,36Hwcla06Q5BCr59CL0sBp,https://kworb.net/spotify/track/36Hwcla06Q5BCr59CL0sBp.html,https://open.spotify.com/track/36Hwcla06Q5BCr59CL0sBp
Justin Timberlake,SeÃ±orita,True,0aj2QKJvz6CePykmlTApiD,https://kworb.net/spotify/track/0aj2QKJvz6CePykmlTApiD.html,https://open.spotify.com/track/0aj2QKJvz6CePykmlTApiD
Justin Timberlake,*True Colors,True,2ORrgw8M0ZbrFlm5cpaKCv,https://kworb.net/spotify/track/2ORrgw8M0ZbrFlm5cpaKCv.html,https://open.spotify.com/track/2ORrgw8M0ZbrFlm5cpaKCv
Justin Timberlake,*Carry Out (Featuring Justin Timberlake),False,2DHc2e5bBn4UzY0ENVFrUl,https://kworb.net/spotify/track/2DHc2e5bBn4UzY0ENVFrUl.html,https://open.spotify.com/track/2DHc2e5bBn4UzY0ENVFrUl
Justin Timberlake,*The Other Side (from Trolls World Tour),True,463PQggkmk5tTw8ug0ahOX,https://kworb.net/spotify/track/463PQggkmk5tTw8ug0ahOX.html,https://open.spotify.com/track/463PQggkmk5tTw8ug0ahOX
Justin Timberlake,Summer Love,False,1MBM7CyZbwJpVbbZJnHHRg,https://kworb.net/spotify/track/1MBM7CyZbwJpVbbZJnHHRg.html,https://open.spotify.com/track/1MBM7CyZbwJpVbbZJnHHRg
Justin Timberlake,"*Stay With Me (with Justin Timberlake, Halsey, & Pharrell)",True,5lfWrciYtohtIMVDVZd0Rf,https://kworb.net/spotify/track/5lfWrciYtohtIMVDVZd0Rf.html,https://open.spotify.com/track/5lfWrciYtohtIMVDVZd0Rf
Justin Timberlake,*Signs,True,4HSAJpNocVNJbwbQvtCMdO,https://kworb.net/spotify/track/4HSAJpNocVNJbwbQvtCMdO.html,https://open.spotify.com/track/4HSAJpNocVNJbwbQvtCMdO
Justin Timberlake,Filthy,False,5ZpjODX6OH1xZs3AOewTO6,https://kworb.net/spotify/track/5ZpjODX6OH1xZs3AOewTO6.html,https://open.spotify.com/track/5ZpjODX6OH1xZs3AOewTO6
Justin Timberlake,CAN'T STOP THE FEELING! - Film Version,False,4sQmCQUZcnBPaVm4dEUKv7,https://kworb.net/spotify/track/4sQmCQUZcnBPaVm4dEUKv7.html,https://open.spotify.com/track/4sQmCQUZcnBPaVm4dEUKv7
Justin Timberlake,Selfish,False,5GSYbwIInbmPvNRyl7nDpR,https://kworb.net/spotify/track/5GSYbwIInbmPvNRyl7nDpR.html,https://open.spotify.com/track/5GSYbwIInbmPvNRyl7nDpR
Justin Timberlake,Like I Love You,False,6W2Ef5Ph6ILTUAedoQ3QIv,https://kworb.net/spotify/track/6W2Ef5Ph6ILTUAedoQ3QIv.html,https://open.spotify.com/track/6W2Ef5Ph6ILTUAedoQ3QIv
Justin Timberlake,*True Colors - Film Version,True,1JY9hsqLWZ3JB3K39Ve1xF,https://kworb.net/spotify/track/1JY9hsqLWZ3JB3K39Ve1xF.html,https://open.spotify.com/track/1JY9hsqLWZ3JB3K39Ve1xF
Justin Timberlake,"September - from DreamWorks Animation's ""TROLLS""",False,1QvPIlDwzql2ub5MCyYa78,https://kworb.net/spotify/track/1QvPIlDwzql2ub5MCyYa78.html,https://open.spotify.com/track/1QvPIlDwzql2ub5MCyYa78
Justin Timberlake,*Better Place (From TROLLS Band Together),True,1bHnRc60O1N0l3PbHjaKyK,https://kworb.net/spotify/track/1bHnRc60O1N0l3PbHjaKyK.html,https://open.spotify.com/track/1bHnRc60O1N0l3PbHjaKyK
Justin Timberlake,Hair Up,False,2986J0T5CGwJGY3aqgANtE,https://kworb.net/spotify/track/2986J0T5CGwJGY3aqgANtE.html,https://open.spotify.com/track/2986J0T5CGwJGY3aqgANtE
Justin Timberlake,Mirrors - Radio Edit,False,6ToFxXRBtl5TJFEyIoYK3f,https://kworb.net/spotify/track/6ToFxXRBtl5TJFEyIoYK3f.html,https://open.spotify.com/track/6ToFxXRBtl5TJFEyIoYK3f
Justin Timberlake,*Love Sex Magic (feat. Justin Timberlake),False,7xdmTEHRbgQuLR8KpRLLnn,https://kworb.net/spotify/track/7xdmTEHRbgQuLR8KpRLLnn.html,https://open.spotify.com/track/7xdmTEHRbgQuLR8KpRLLnn
Justin Timberlake,*Motherlover,False,2zpQ30BpR6teeCeivQoo5p,https://kworb.net/spotify/track/2zpQ30BpR6teeCeivQoo5p.html,https://open.spotify.com/track/2zpQ30BpR6teeCeivQoo5p
Justin Timberlake,Drink You Away,False,4pEaGoTSSU7YKu4hqor9Na,https://kworb.net/spotify/track/4pEaGoTSSU7YKu4hqor9Na.html,https://open.spotify.com/track/4pEaGoTSSU7YKu4hqor9Na
Justin Timberlake,LoveStoned / I Think She Knows (Interlude),True,5iyE2d4U3Vc5cqY9mPTlpy,https://kworb.net/spotify/track/5iyE2d4U3Vc5cqY9mPTlpy.html,https://open.spotify.com/track/5iyE2d4U3Vc5cqY9mPTlpy
Justin Timberlake,Until The End Of Time (with BeyoncÃ©),False,2wZTnl0pPFr3HBcyXfOaVJ,https://kworb.net/spotify/track/2wZTnl0pPFr3HBcyXfOaVJ.html,https://open.spotify.com/track/2wZTnl0pPFr3HBcyXfOaVJ
Justin Timberlake,TKO,True,5mIqtDBiw3rqMxsJc4UVM6,https://kworb.net/spotify/track/5mIqtDBiw3rqMxsJc4UVM6.html,https://open.spotify.com/track/5mIqtDBiw3rqMxsJc4UVM6
Justin Timberlake,*Bounce - Album Version (Edited),False,0mjYtnWmbZm5WrAwn4P7yD,https://kworb.net/spotify/track/0mjYtnWmbZm5WrAwn4P7yD.html,https://open.spotify.com/track/0mjYtnWmbZm5WrAwn4P7yD
Justin Timberlake,*Sin Fin,False,3qaHzxjNtFU7QiEuhGx70x,https://kworb.net/spotify/track/3qaHzxjNtFU7QiEuhGx70x.html,https://open.spotify.com/track/3qaHzxjNtFU7QiEuhGx70x
Justin Timberlake,What Goes Around...Comes Around - Radio Edit,False,0R03f3Axt495bkgGhivLEe,https://kworb.net/spotify/track/0R03f3Axt495bkgGhivLEe.html,https://open.spotify.com/track/0R03f3Axt495bkgGhivLEe
Justin Timberlake,Pusher Love Girl,False,773hekg7UEdbGvv3lJ3CmV,https://kworb.net/spotify/track/773hekg7UEdbGvv3lJ3CmV.html,https://open.spotify.com/track/773hekg7UEdbGvv3lJ3CmV
Justin Timberlake,Supplies,False,6jT85s2dZ55HBqjXYi2rfI,https://kworb.net/spotify/track/6jT85s2dZ55HBqjXYi2rfI.html,https://open.spotify.com/track/6jT85s2dZ55HBqjXYi2rfI
Justin Timberlake,Take Back the Night,False,0a4ZGSRZOgspQy2HYzU82l,https://kworb.net/spotify/track/0a4ZGSRZOgspQy2HYzU82l.html,https://open.spotify.com/track/0a4ZGSRZOgspQy2HYzU82l
Justin Timberlake,Not a Bad Thing,False,3nB82yGjtbQFSU0JLAwLRH,https://kworb.net/spotify/track/3nB82yGjtbQFSU0JLAwLRH.html,https://open.spotify.com/track/3nB82yGjtbQFSU0JLAwLRH
Justin Timberlake,Morning Light (feat. Alicia Keys),True,3KnLHwhRhJGuQM822JVSoI,https://kworb.net/spotify/track/3KnLHwhRhJGuQM822JVSoI.html,https://open.spotify.com/track/3KnLHwhRhJGuQM822JVSoI
Justin Timberlake,*What U Workin' With?,True,3IxRWXccxjVsUjyQZnKqYa,https://kworb.net/spotify/track/3IxRWXccxjVsUjyQZnKqYa.html,https://open.spotify.com/track/3IxRWXccxjVsUjyQZnKqYa
Justin Timberlake,Man of the Woods,True,4KTU5aa5s547f1JF5DImhF,https://kworb.net/spotify/track/4KTU5aa5s547f1JF5DImhF.html,https://open.spotify.com/track/4KTU5aa5s547f1JF5DImhF
Justin Timberlake,Tunnel Vision,False,79MOydAvZYm8nyyzd6fiVi,https://kworb.net/spotify/track/79MOydAvZYm8nyyzd6fiVi.html,https://open.spotify.com/track/79MOydAvZYm8nyyzd6fiVi
Justin Timberlake,That Girl,False,4CfYxSs4Dr8KWORCmN3hom,https://kworb.net/spotify/track/4CfYxSs4Dr8KWORCmN3hom.html,https://open.spotify.com/track/4CfYxSs4Dr8KWORCmN3hom
Justin Timberlake,Suit & Tie (feat. JAY Z) (feat. Jay-Z) - [Radio Edit],False,4mQVHEjrnuUd7G5IVhSYTk,https://kworb.net/spotify/track/4mQVHEjrnuUd7G5IVhSYTk.html,https://open.spotify.com/track/4mQVHEjrnuUd7G5IVhSYTk
Justin Timberlake,*3D (Justin Timberlake Remix),True,2mHw0KoEyDw8Yaw3yPoke6,https://kworb.net/spotify/track/2mHw0KoEyDw8Yaw3yPoke6.html,https://open.spotify.com/track/2mHw0KoEyDw8Yaw3yPoke6
Justin Timberlake,Strawberry Bubblegum,False,7z0JDE4w67HXt5lEWsU2Hj,https://kworb.net/spotify/track/7z0JDE4w67HXt5lEWsU2Hj.html,https://open.spotify.com/track/7z0JDE4w67HXt5lEWsU2Hj
Justin Timberlake,SoulMate,True,4YLtrBhzjsI2LT6ybXQHeD,https://kworb.net/spotify/track/4YLtrBhzjsI2LT6ybXQHeD.html,https://open.spotify.com/track/4YLtrBhzjsI2LT6ybXQHeD
Justin Timberlake,*Don't Slack (from Trolls World Tour),True,1bxa0TPdBMHPeZFHe0adCw,https://kworb.net/spotify/track/1bxa0TPdBMHPeZFHe0adCw.html,https://open.spotify.com/track/1bxa0TPdBMHPeZFHe0adCw
Justin Timberlake,*Dick In A Box,False,60VtX59NsRINDnObbDtH7G,https://kworb.net/spotify/track/60VtX59NsRINDnObbDtH7G.html,https://open.spotify.com/track/60VtX59NsRINDnObbDtH7G
Justin Timberlake,Don't Hold the Wall,False,7I7EnQnVJH1uSJ0cSQKPuu,https://kworb.net/spotify/track/7I7EnQnVJH1uSJ0cSQKPuu.html,https://open.spotify.com/track/7I7EnQnVJH1uSJ0cSQKPuu
Justin Timberlake,Chop Me Up (feat. Timbaland & Three-6 Mafia),False,0LlObwsSjhvPFKPPpSWOeh,https://kworb.net/spotify/track/0LlObwsSjhvPFKPPpSWOeh.html,https://open.spotify.com/track/0LlObwsSjhvPFKPPpSWOeh
Justin Timberlake,FutureSex / LoveSound,False,0B1QILlvPWfc9vovFYuUuk,https://kworb.net/spotify/track/0B1QILlvPWfc9vovFYuUuk.html,https://open.spotify.com/track/0B1QILlvPWfc9vovFYuUuk
Justin Timberlake,*Believe (feat. Justin Timberlake),True,6fvqvUQr12qghH4N8gpAch,https://kworb.net/spotify/track/6fvqvUQr12qghH4N8gpAch.html,https://open.spotify.com/track/6fvqvUQr12qghH4N8gpAch
Justin Timberlake,Let the Groove Get In,False,2AobDJxjDp5TbxGdR3JGen,https://kworb.net/spotify/track/2AobDJxjDp5TbxGdR3JGen.html,https://open.spotify.com/track/2AobDJxjDp5TbxGdR3JGen
Justin Timberlake,Losing My Way,False,1Ou4q1gX3QAvKhAFd3xsXT,https://kworb.net/spotify/track/1Ou4q1gX3QAvKhAFd3xsXT.html,https://open.spotify.com/track/1Ou4q1gX3QAvKhAFd3xsXT
Justin Timberlake,*Winner (feat. Justin Timberlake & T.I.),False,31kUJ6TBHOICknBrFugOvI,https://kworb.net/spotify/track/31kUJ6TBHOICknBrFugOvI.html,https://open.spotify.com/track/31kUJ6TBHOICknBrFugOvI
Justin Timberlake,Blue Ocean Floor,False,06aFFobYGQNlyqXcEmYPSm,https://kworb.net/spotify/track/06aFFobYGQNlyqXcEmYPSm.html,https://open.spotify.com/track/06aFFobYGQNlyqXcEmYPSm
Justin Timberlake,Drown,False,7uikXbHXvmxWyQIe7zcMxZ,https://kworb.net/spotify/track/7uikXbHXvmxWyQIe7zcMxZ.html,https://open.spotify.com/track/7uikXbHXvmxWyQIe7zcMxZ
Justin Timberlake,*Brand New (with Justin Timberlake),False,1RUubW9fHtIYwjl588PrhZ,https://kworb.net/spotify/track/1RUubW9fHtIYwjl588PrhZ.html,https://open.spotify.com/track/1RUubW9fHtIYwjl588PrhZ
Justin Timberlake,Until the End of Time,False,7H26V1eqId2OhZbLdFtqlP,https://kworb.net/spotify/track/7H26V1eqId2OhZbLdFtqlP.html,https://open.spotify.com/track/7H26V1eqId2OhZbLdFtqlP
Justin Timberlake,*3-Way (The Golden Rule),False,5orUhwRVuVCtRYxg3FzidD,https://kworb.net/spotify/track/5orUhwRVuVCtRYxg3FzidD.html,https://open.spotify.com/track/5orUhwRVuVCtRYxg3FzidD
Justin Timberlake,Higher Higher,True,7GfhZZq8plOVTeqsDMbftc,https://kworb.net/spotify/track/7GfhZZq8plOVTeqsDMbftc.html,https://open.spotify.com/track/7GfhZZq8plOVTeqsDMbftc
Justin Timberlake,*It Takes Two,False,21vLEEtCTBS6fxw1TuPJAy,https://kworb.net/spotify/track/21vLEEtCTBS6fxw1TuPJAy.html,https://open.spotify.com/track/21vLEEtCTBS6fxw1TuPJAy
Justin Timberlake,Midnight Summer Jam,True,1KAhsLqLYiqCZ1G8ljKDtB,https://kworb.net/spotify/track/1KAhsLqLYiqCZ1G8ljKDtB.html,https://open.spotify.com/track/1KAhsLqLYiqCZ1G8ljKDtB
Justin Timberlake,Spaceship Coupe,False,7xxEK0MQvkME1LSS2cIW7R,https://kworb.net/spotify/track/7xxEK0MQvkME1LSS2cIW7R.html,https://open.spotify.com/track/7xxEK0MQvkME1LSS2cIW7R
Justin Timberlake,*Keep Going Up (with Nelly Furtado & Justin Timberlake),True,0MBRKCgePXewM1iBQiPn7Q,https://kworb.net/spotify/track/0MBRKCgePXewM1iBQiPn7Q.html,https://open.spotify.com/track/0MBRKCgePXewM1iBQiPn7Q
Justin Timberlake,Cabaret (feat. Drake),False,4FcvYEVtmB0UuIPbdzwqsH,https://kworb.net/spotify/track/4FcvYEVtmB0UuIPbdzwqsH.html,https://open.spotify.com/track/4FcvYEVtmB0UuIPbdzwqsH
Justin Timberlake,Medley: Summer Love / Set the Mood (Prelude),False,03GJyQfnhwq8f4NK5sOxO5,https://kworb.net/spotify/track/03GJyQfnhwq8f4NK5sOxO5.html,https://open.spotify.com/track/03GJyQfnhwq8f4NK5sOxO5
Justin Timberlake,Murder (feat. Jay-Z),False,0tsiZxE0FnaganbRLQx5Ru,https://kworb.net/spotify/track/0tsiZxE0FnaganbRLQx5Ru.html,https://open.spotify.com/track/0tsiZxE0FnaganbRLQx5Ru
Justin Timberlake,*Parent Trap (feat. Justin Timberlake),False,5mSVnabiC2NDVIGfW3Znc4,https://kworb.net/spotify/track/5mSVnabiC2NDVIGfW3Znc4.html,https://open.spotify.com/track/5mSVnabiC2NDVIGfW3Znc4
Justin Timberlake,Medley: Let Me Talk to You / My Love (feat. T.I.),False,1vMuSYlp2Im8Gpj6JxRJfj,https://kworb.net/spotify/track/1vMuSYlp2Im8Gpj6JxRJfj.html,https://open.spotify.com/track/1vMuSYlp2Im8Gpj6JxRJfj
Justin Timberlake,"TKO (Black Friday Remix) (feat. J. Cole, A$AP Rocky & Pusha T)",False,7AzunAhx3JfoHxYS5N6KVx,https://kworb.net/spotify/track/7AzunAhx3JfoHxYS5N6KVx.html,https://open.spotify.com/track/7AzunAhx3JfoHxYS5N6KVx
Justin Timberlake,Breeze Off the Pond,True,6GZLkw95zCwYmLEFMcFBmh,https://kworb.net/spotify/track/6GZLkw95zCwYmLEFMcFBmh.html,https://open.spotify.com/track/6GZLkw95zCwYmLEFMcFBmh
Justin Timberlake,*Give It To Me,False,5nXCPrnVY5MGaCIjOw6IrA,https://kworb.net/spotify/track/5nXCPrnVY5MGaCIjOw6IrA.html,https://open.spotify.com/track/5nXCPrnVY5MGaCIjOw6IrA
Justin Timberlake,Montana,True,3mNfKVgSiejiZYmFRVjNbQ,https://kworb.net/spotify/track/3mNfKVgSiejiZYmFRVjNbQ.html,https://open.spotify.com/track/3mNfKVgSiejiZYmFRVjNbQ
Justin Timberlake,You Got It On,False,7sFV6eCWpWPjazh5nyLwka,https://kworb.net/spotify/track/7sFV6eCWpWPjazh5nyLwka.html,https://open.spotify.com/track/7sFV6eCWpWPjazh5nyLwka
Justin Timberlake,Amnesia,False,13KLgTgYlAw8uABDLJsOsQ,https://kworb.net/spotify/track/13KLgTgYlAw8uABDLJsOsQ.html,https://open.spotify.com/track/13KLgTgYlAw8uABDLJsOsQ
Justin Timberlake,Gimme What I Don't Know (I Want),False,6mMXHtmyjORXfbZk87csDk,https://kworb.net/spotify/track/6mMXHtmyjORXfbZk87csDk.html,https://open.spotify.com/track/6mMXHtmyjORXfbZk87csDk
Justin Timberlake,Sauce,True,249c7UYQRwLb8tUykq8IwX,https://kworb.net/spotify/track/249c7UYQRwLb8tUykq8IwX.html,https://open.spotify.com/track/249c7UYQRwLb8tUykq8IwX
Justin Timberlake,Wave,True,1a8051h021Rfl01OhAjjV6,https://kworb.net/spotify/track/1a8051h021Rfl01OhAjjV6.html,https://open.spotify.com/track/1a8051h021Rfl01OhAjjV6
Justin Timberlake,*Better Days,False,2nkgheWHUUB3iuxX0CP183,https://kworb.net/spotify/track/2nkgheWHUUB3iuxX0CP183.html,https://open.spotify.com/track/2nkgheWHUUB3iuxX0CP183
Justin Timberlake,No Angels,False,3Llg6UrxeStZxQJNjEQrlM,https://kworb.net/spotify/track/3Llg6UrxeStZxQJNjEQrlM.html,https://open.spotify.com/track/3Llg6UrxeStZxQJNjEQrlM
Justin Timberlake,Damn Girl (feat. will.i.am),False,4JQtyBEeLOAOnb7n5OQdDd,https://kworb.net/spotify/track/4JQtyBEeLOAOnb7n5OQdDd.html,https://open.spotify.com/track/4JQtyBEeLOAOnb7n5OQdDd
Justin Timberlake,*Give It To Me - Sped Up Remix,False,6DyMrh39uJ04o3S1uZdpg4,https://kworb.net/spotify/track/6DyMrh39uJ04o3S1uZdpg4.html,https://open.spotify.com/track/6DyMrh39uJ04o3S1uZdpg4
Justin Timberlake,*My Style,False,7BukHDlNfu4Ql7NATH6YIz,https://kworb.net/spotify/track/7BukHDlNfu4Ql7NATH6YIz.html,https://open.spotify.com/track/7BukHDlNfu4Ql7NATH6YIz
Justin Timberlake,(Oh No) What You Got,False,1iebvc2gYV8wni1jana3Uk,https://kworb.net/spotify/track/1iebvc2gYV8wni1jana3Uk.html,https://open.spotify.com/track/1iebvc2gYV8wni1jana3Uk
Justin Timberlake,(Another Song) All Over Again,False,24CBAWq81pQNTftNAxVLYk,https://kworb.net/spotify/track/24CBAWq81pQNTftNAxVLYk.html,https://open.spotify.com/track/24CBAWq81pQNTftNAxVLYk
Justin Timberlake,Only When I Walk Away,False,3jthkYuDqzNeybhSlJ6a91,https://kworb.net/spotify/track/3jthkYuDqzNeybhSlJ6a91.html,https://open.spotify.com/track/3jthkYuDqzNeybhSlJ6a91
Justin Timberlake,Flannel,True,7Bt9Bkeyo0Ch7SEhyMxtVf,https://kworb.net/spotify/track/7Bt9Bkeyo0Ch7SEhyMxtVf.html,https://open.spotify.com/track/7Bt9Bkeyo0Ch7SEhyMxtVf
Justin Timberlake,True Blood,False,2zgixZ9dKXRTYaDlbKWcqO,https://kworb.net/spotify/track/2zgixZ9dKXRTYaDlbKWcqO.html,https://open.spotify.com/track/2zgixZ9dKXRTYaDlbKWcqO
Justin Timberlake,Take It From Here,False,0qpCwx9VYn7yR3d3YdT5Wd,https://kworb.net/spotify/track/0qpCwx9VYn7yR3d3YdT5Wd.html,https://open.spotify.com/track/0qpCwx9VYn7yR3d3YdT5Wd
Justin Timberlake,Livin' Off the Land,True,7uyUXNyOEJUkYV3LbcHeow,https://kworb.net/spotify/track/7uyUXNyOEJUkYV3LbcHeow.html,https://open.spotify.com/track/7uyUXNyOEJUkYV3LbcHeow
Justin Timberlake,Last Night,False,01r1q2OykW2e3L17kB5bi3,https://kworb.net/spotify/track/01r1q2OykW2e3L17kB5bi3.html,https://open.spotify.com/track/01r1q2OykW2e3L17kB5bi3
Justin Timberlake,Young Man,True,5GrXtQYnHaS8UE4rXDqyO0,https://kworb.net/spotify/track/5GrXtQYnHaS8UE4rXDqyO0.html,https://open.spotify.com/track/5GrXtQYnHaS8UE4rXDqyO0
Justin Timberlake,*ICU (with Justin Timberlake) - Remix,False,1xs5R1koW93bXtXD2s59nR,https://kworb.net/spotify/track/1xs5R1koW93bXtXD2s59nR.html,https://open.spotify.com/track/1xs5R1koW93bXtXD2s59nR
Justin Timberlake,Sexy Ladies,False,5Gq7IN29DbgUO8Ris1TZKl,https://kworb.net/spotify/track/5Gq7IN29DbgUO8Ris1TZKl.html,https://open.spotify.com/track/5Gq7IN29DbgUO8Ris1TZKl
Justin Timberlake,Hers (interlude),True,1A3HUsPzNcHSpZdNIGH1oH,https://kworb.net/spotify/track/1A3HUsPzNcHSpZdNIGH1oH.html,https://open.spotify.com/track/1A3HUsPzNcHSpZdNIGH1oH
Justin Timberlake,The Hard Stuff,True,5ltBz3a5wh9IWwdhBaHu4j,https://kworb.net/spotify/track/5ltBz3a5wh9IWwdhBaHu4j.html,https://open.spotify.com/track/5ltBz3a5wh9IWwdhBaHu4j
Justin Timberlake,Dress On,False,3HaW1TqoBUrTwEYmtguKTa,https://kworb.net/spotify/track/3HaW1TqoBUrTwEYmtguKTa.html,https://open.spotify.com/track/3HaW1TqoBUrTwEYmtguKTa
Justin Timberlake,*The Woods (feat. Justin Timberlake),False,1JY6MRKWYcwGFuoigKpIHY,https://kworb.net/spotify/track/1JY6MRKWYcwGFuoigKpIHY.html,https://open.spotify.com/track/1JY6MRKWYcwGFuoigKpIHY
Justin Timberlake,*The Other Side (from Trolls World Tour) - Oliver Heldens Remix,False,0TAvqTEYJoXRnt12oNN4MG,https://kworb.net/spotify/track/0TAvqTEYJoXRnt12oNN4MG.html,https://open.spotify.com/track/0TAvqTEYJoXRnt12oNN4MG
Justin Timberlake,Paradise (feat. *NSYNC),False,6tcYpyw4rr5mTqDidS29IY,https://kworb.net/spotify/track/6tcYpyw4rr5mTqDidS29IY.html,https://open.spotify.com/track/6tcYpyw4rr5mTqDidS29IY
Justin Timberlake,LoveStoned / I Think She Knows - Radio Edit,False,6fS0rs4tiEgBMEB2Ln586G,https://kworb.net/spotify/track/6fS0rs4tiEgBMEB2Ln586G.html,https://open.spotify.com/track/6fS0rs4tiEgBMEB2Ln586G
Justin Timberlake,Nothin' Else,False,5r757MKjSoampJi977D1QO,https://kworb.net/spotify/track/5r757MKjSoampJi977D1QO.html,https://open.spotify.com/track/5r757MKjSoampJi977D1QO
Justin Timberlake,Set the Mood Prelude / Until the End of Time,False,39q69v4D15oSshBmlJrkmW,https://kworb.net/spotify/track/39q69v4D15oSshBmlJrkmW.html,https://open.spotify.com/track/39q69v4D15oSshBmlJrkmW
Justin Timberlake,*Work It,False,0q7z99dIbw37rabJtGBZt5,https://kworb.net/spotify/track/0q7z99dIbw37rabJtGBZt5.html,https://open.spotify.com/track/0q7z99dIbw37rabJtGBZt5
Justin Timberlake,*Release,False,6psdUDK8ojdMj563fniLfm,https://kworb.net/spotify/track/6psdUDK8ojdMj563fniLfm.html,https://open.spotify.com/track/6psdUDK8ojdMj563fniLfm
Justin Timberlake,*My Kinda Girl,False,0uxjxRAqlPEUwQh9db0pCP,https://kworb.net/spotify/track/0uxjxRAqlPEUwQh9db0pCP.html,https://open.spotify.com/track/0uxjxRAqlPEUwQh9db0pCP
Justin Timberlake,Say Something (feat. Chris Stapleton) - Live Version,False,3Z3d5npIzC9isxeMksTbGL,https://kworb.net/spotify/track/3Z3d5npIzC9isxeMksTbGL.html,https://open.spotify.com/track/3Z3d5npIzC9isxeMksTbGL
Justin Timberlake,Medley: Sexy Ladies / Let Me Talk to You (Prelude),False,3DxnAINrl5zqnOtC78QBzq,https://kworb.net/spotify/track/3DxnAINrl5zqnOtC78QBzq.html,https://open.spotify.com/track/3DxnAINrl5zqnOtC78QBzq
Justin Timberlake,*JUST BE (feat. Justin Timberlake),False,5kITa8Gs3YfGesjUq6vraw,https://kworb.net/spotify/track/5kITa8Gs3YfGesjUq6vraw.html,https://open.spotify.com/track/5kITa8Gs3YfGesjUq6vraw
Justin Timberlake,F**kin' Up The Disco,False,0NiRZ3eOFg8nOOI0YU4RXs,https://kworb.net/spotify/track/0NiRZ3eOFg8nOOI0YU4RXs.html,https://open.spotify.com/track/0NiRZ3eOFg8nOOI0YU4RXs
Justin Timberlake,Still On My Brain,False,547DBSmURHs1EjJlC4zviI,https://kworb.net/spotify/track/547DBSmURHs1EjJlC4zviI.html,https://open.spotify.com/track/547DBSmURHs1EjJlC4zviI
Justin Timberlake,*Give It To Me - Instrumental,False,75oCWawRGfinrrZuuYiKoP,https://kworb.net/spotify/track/75oCWawRGfinrrZuuYiKoP.html,https://open.spotify.com/track/75oCWawRGfinrrZuuYiKoP
Justin Timberlake,Let's Take A Ride,False,1EEwfP7Trp1E52C40kCWcc,https://kworb.net/spotify/track/1EEwfP7Trp1E52C40kCWcc.html,https://open.spotify.com/track/1EEwfP7Trp1E52C40kCWcc
Justin Timberlake,Never Again,False,09N8D0V8rZm1JEOmNYKrKr,https://kworb.net/spotify/track/09N8D0V8rZm1JEOmNYKrKr.html,https://open.spotify.com/track/09N8D0V8rZm1JEOmNYKrKr
Justin Timberlake,Body Count,False,3rPDcjQNtOK0gey9Gu1tZ2,https://kworb.net/spotify/track/3rPDcjQNtOK0gey9Gu1tZ2.html,https://open.spotify.com/track/3rPDcjQNtOK0gey9Gu1tZ2
Justin Timberlake,"*Stay With Me (Part 2) (with Justin Timberlake, Halsey & Pharrell)",False,6S8hzeDFZmsJbQCO3w97Zz,https://kworb.net/spotify/track/6S8hzeDFZmsJbQCO3w97Zz.html,https://open.spotify.com/track/6S8hzeDFZmsJbQCO3w97Zz
Justin Timberlake,Technicolor,False,347FqcQK09FdgKiBDAiq0V,https://kworb.net/spotify/track/347FqcQK09FdgKiBDAiq0V.html,https://open.spotify.com/track/347FqcQK09FdgKiBDAiq0V
Justin Timberlake,*Innocent,False,0StBfgNFZONIgSDSAdkW8s,https://kworb.net/spotify/track/0StBfgNFZONIgSDSAdkW8s.html,https://open.spotify.com/track/0StBfgNFZONIgSDSAdkW8s
Justin Timberlake,Liar (feat. Fireboy DML),False,2vQ4gwfxX5Qj0ChOU8cKgV,https://kworb.net/spotify/track/2vQ4gwfxX5Qj0ChOU8cKgV.html,https://open.spotify.com/track/2vQ4gwfxX5Qj0ChOU8cKgV
Justin Timberlake,*The Other Side (from Trolls World Tour) - Ovy On The Drums Remix,False,7FH61sH4WlBrYWzGPvWERj,https://kworb.net/spotify/track/7FH61sH4WlBrYWzGPvWERj.html,https://open.spotify.com/track/7FH61sH4WlBrYWzGPvWERj
Justin Timberlake,Memphis,False,2x9XK2UPjZQPQxP6N7DFj1,https://kworb.net/spotify/track/2x9XK2UPjZQPQxP6N7DFj1.html,https://open.spotify.com/track/2x9XK2UPjZQPQxP6N7DFj1
Justin Timberlake,(And She Said) Take Me Now,False,44FZ6TP6a75s7eU62nHBZ3,https://kworb.net/spotify/track/44FZ6TP6a75s7eU62nHBZ3.html,https://open.spotify.com/track/44FZ6TP6a75s7eU62nHBZ3
Justin Timberlake,Play,False,3qdtOI4KHrYS4drA8PLajG,https://kworb.net/spotify/track/3qdtOI4KHrYS4drA8PLajG.html,https://open.spotify.com/track/3qdtOI4KHrYS4drA8PLajG
Justin Timberlake,Flame,False,23OGhdXxQUyaBiWJhBV0zc,https://kworb.net/spotify/track/23OGhdXxQUyaBiWJhBV0zc.html,https://open.spotify.com/track/23OGhdXxQUyaBiWJhBV0zc
Justin Timberlake,Sanctified (feat. Tobe Nwigwe),False,09xqp9eObeCLsRfyHadWow,https://kworb.net/spotify/track/09xqp9eObeCLsRfyHadWow.html,https://open.spotify.com/track/09xqp9eObeCLsRfyHadWow
Justin Timberlake,Right For Me,False,2aO1wo2q6I5WNIT4cqqgDb,https://kworb.net/spotify/track/2aO1wo2q6I5WNIT4cqqgDb.html,https://open.spotify.com/track/2aO1wo2q6I5WNIT4cqqgDb
Justin Timberlake,LoveStoned / I Think She Knows - TiÃ«sto Remix,False,0YInrpVFC85pWh0xLzYbEx,https://kworb.net/spotify/track/0YInrpVFC85pWh0xLzYbEx.html,https://open.spotify.com/track/0YInrpVFC85pWh0xLzYbEx
Justin Timberlake,So,False,1PYPXNQxVceSkvTv1niwDa,https://kworb.net/spotify/track/1PYPXNQxVceSkvTv1niwDa.html,https://open.spotify.com/track/1PYPXNQxVceSkvTv1niwDa
Justin Timberlake,*Falling Down (feat. Justin Timberlake),False,39Fp08QFko8zyYjNbuhJJf,https://kworb.net/spotify/track/39Fp08QFko8zyYjNbuhJJf.html,https://open.spotify.com/track/39Fp08QFko8zyYjNbuhJJf
Justin Timberlake,Infinity Sex,False,4AJzIhyAomcbgwJKKFxlOj,https://kworb.net/spotify/track/4AJzIhyAomcbgwJKKFxlOj.html,https://open.spotify.com/track/4AJzIhyAomcbgwJKKFxlOj
Justin Timberlake,Sexy Ladies (feat. 50 Cent) - Remix,False,0qLljKHqotNMhwfbGbqLxc,https://kworb.net/spotify/track/0qLljKHqotNMhwfbGbqLxc.html,https://open.spotify.com/track/0qLljKHqotNMhwfbGbqLxc
Justin Timberlake,Rock Your Body - Paul Oakenfold Mix,False,369m6KUvZ2ANGGYn41AneD,https://kworb.net/spotify/track/369m6KUvZ2ANGGYn41AneD.html,https://open.spotify.com/track/369m6KUvZ2ANGGYn41AneD
Justin Timberlake,*Can't Believe It Remix (feat. Justin Timberlake),False,7kVu490RJwlnxebxTTYvKd,https://kworb.net/spotify/track/7kVu490RJwlnxebxTTYvKd.html,https://open.spotify.com/track/7kVu490RJwlnxebxTTYvKd
Justin Timberlake,Love & War,False,7bm43GzdpxPuXgxAXdvWSw,https://kworb.net/spotify/track/7bm43GzdpxPuXgxAXdvWSw.html,https://open.spotify.com/track/7bm43GzdpxPuXgxAXdvWSw
Justin Timberlake,My Favorite Drug,False,2mWxbF9IMXq7lSOa3H4GNX,https://kworb.net/spotify/track/2mWxbF9IMXq7lSOa3H4GNX.html,https://open.spotify.com/track/2mWxbF9IMXq7lSOa3H4GNX
Justin Timberlake,Imagination,False,3p9Cob30mhLcs9ny6891Z4,https://kworb.net/spotify/track/3p9Cob30mhLcs9ny6891Z4.html,https://open.spotify.com/track/3p9Cob30mhLcs9ny6891Z4
Justin Timberlake,Electric Lady,False,13HiWKJ4hcGhzPsyuhNWgq,https://kworb.net/spotify/track/13HiWKJ4hcGhzPsyuhNWgq.html,https://open.spotify.com/track/13HiWKJ4hcGhzPsyuhNWgq
Justin Timberlake,SexyBack (feat. Timbaland) - Linus Loves Remix (Edit),False,2xBuDQ5M3YDyiQXhoIr41B,https://kworb.net/spotify/track/2xBuDQ5M3YDyiQXhoIr41B.html,https://open.spotify.com/track/2xBuDQ5M3YDyiQXhoIr41B
Justin Timberlake,Blindness,False,38lNQQzolUE5hjDI73ndCX,https://kworb.net/spotify/track/38lNQQzolUE5hjDI73ndCX.html,https://open.spotify.com/track/38lNQQzolUE5hjDI73ndCX
Justin Timberlake,What Lovers Do,False,361M5PTAazX9jlfTGqF4f4,https://kworb.net/spotify/track/361M5PTAazX9jlfTGqF4f4.html,https://open.spotify.com/track/361M5PTAazX9jlfTGqF4f4
Justin Timberlake,Alone,False,6hQDoHD0tQTRu9Q6Pw94JY,https://kworb.net/spotify/track/6hQDoHD0tQTRu9Q6Pw94JY.html,https://open.spotify.com/track/6hQDoHD0tQTRu9Q6Pw94JY
Justin Timberlake,SexyBack (feat. Missy Elliott & Timbaland) - DJ Wayne Williams Ol' Skool Remix,False,7x94lS0k2NFInyHEO1DAyg,https://kworb.net/spotify/track/7x94lS0k2NFInyHEO1DAyg.html,https://open.spotify.com/track/7x94lS0k2NFInyHEO1DAyg
Justin Timberlake,*Love Never Felt So Good - DM CLASSIC RADIO MIX,False,5IqInwwsuETolsprfOFwzR,https://kworb.net/spotify/track/5IqInwwsuETolsprfOFwzR.html,https://open.spotify.com/track/5IqInwwsuETolsprfOFwzR
Justin Timberlake,TKO - Radio Edit,False,4HI18tq5IScHJDkP3dG8Pq,https://kworb.net/spotify/track/4HI18tq5IScHJDkP3dG8Pq.html,https://open.spotify.com/track/4HI18tq5IScHJDkP3dG8Pq
Justin Timberlake,Conditions,False,7BQdqre9lvLM3HmZ7QPgjU,https://kworb.net/spotify/track/7BQdqre9lvLM3HmZ7QPgjU.html,https://open.spotify.com/track/7BQdqre9lvLM3HmZ7QPgjU
Justin Timberlake,One of Those Stories,False,7ndgCDgbDloPWzSScLxO7a,https://kworb.net/spotify/track/7ndgCDgbDloPWzSScLxO7a.html,https://open.spotify.com/track/7ndgCDgbDloPWzSScLxO7a
Justin Timberlake,*Love Never Felt So Good - DM-FK CLASSIC TRIBUTE MIX,False,1RHZ8N3GgdHve35MjjaKiB,https://kworb.net/spotify/track/1RHZ8N3GgdHve35MjjaKiB.html,https://open.spotify.com/track/1RHZ8N3GgdHve35MjjaKiB
Justin Timberlake,I'm Lovin' It,False,6PfXAlQQ9S8sas54JYre3G,https://kworb.net/spotify/track/6PfXAlQQ9S8sas54JYre3G.html,https://open.spotify.com/track/6PfXAlQQ9S8sas54JYre3G
Justin Timberlake,*Floatin' (feat. Justin Timberlake & will.i.am),False,6dbiDALMmGMwVJDwMbmJ5H,https://kworb.net/spotify/track/6dbiDALMmGMwVJDwMbmJ5H.html,https://open.spotify.com/track/6dbiDALMmGMwVJDwMbmJ5H
Justin Timberlake,*Better Days - Live,False,1GBtvDSR3e5D5GJAYIYhEc,https://kworb.net/spotify/track/1GBtvDSR3e5D5GJAYIYhEc.html,https://open.spotify.com/track/1GBtvDSR3e5D5GJAYIYhEc
Justin Timberlake,*Love Sex Magic (feat. Justin Timberlake) - Jason Nevins Sex Club Radio Mix,False,2EuUGWDQgEIshii7eAe7Yn,https://kworb.net/spotify/track/2EuUGWDQgEIshii7eAe7Yn.html,https://open.spotify.com/track/2EuUGWDQgEIshii7eAe7Yn
Justin Timberlake,Cry Me A River - Dirty Vegas Vocal Mix,False,3LJFrhEj9PV2sXRuBBjLSv,https://kworb.net/spotify/track/3LJFrhEj9PV2sXRuBBjLSv.html,https://open.spotify.com/track/3LJFrhEj9PV2sXRuBBjLSv
Justin Timberlake,SexyBack (feat. Timbaland) - Pokerface Remix,False,1l8NNLlT7U4TK6lYMmbFWS,https://kworb.net/spotify/track/1l8NNLlT7U4TK6lYMmbFWS.html,https://open.spotify.com/track/1l8NNLlT7U4TK6lYMmbFWS
Justin Timberlake,LoveStoned / I Think She Knows - Justice Remix,False,6fkNie9Htv9m10v4AVmJxv,https://kworb.net/spotify/track/6fkNie9Htv9m10v4AVmJxv.html,https://open.spotify.com/track/6fkNie9Htv9m10v4AVmJxv
Justin Timberlake,What Goes Around...Comes Around - Sebastien Leger Remix (Radio Edit),False,34mVMU0haBu1EDZdocO3d3,https://kworb.net/spotify/track/34mVMU0haBu1EDZdocO3d3.html,https://open.spotify.com/track/34mVMU0haBu1EDZdocO3d3
Justin Timberlake,My Love - Steve Angello & Sebastian Ingrosso Mix,False,20jOsMIRxEw7FP6YwQBC8E,https://kworb.net/spotify/track/20jOsMIRxEw7FP6YwQBC8E.html,https://open.spotify.com/track/20jOsMIRxEw7FP6YwQBC8E
Justin Timberlake,It's Just Its Nature,False,1lFy7Wy8KzUYIDyIuWpQWA,https://kworb.net/spotify/track/1lFy7Wy8KzUYIDyIuWpQWA.html,https://open.spotify.com/track/1lFy7Wy8KzUYIDyIuWpQWA
Justin Timberlake,Temerity,False,5SuuMj9wyCefIhtAiGwqpy,https://kworb.net/spotify/track/5SuuMj9wyCefIhtAiGwqpy.html,https://open.spotify.com/track/5SuuMj9wyCefIhtAiGwqpy
Justin Timberlake,My Love - Paul Oakenfold Radio Edit,False,44zeGd2u45Ih2y91DNm2Cr,https://kworb.net/spotify/track/44zeGd2u45Ih2y91DNm2Cr.html,https://open.spotify.com/track/44zeGd2u45Ih2y91DNm2Cr
Justin Timberlake,She Likes the Rain,False,0jV7KEVoBHGMuXxSiOPghx,https://kworb.net/spotify/track/0jV7KEVoBHGMuXxSiOPghx.html,https://open.spotify.com/track/0jV7KEVoBHGMuXxSiOPghx
Justin Timberlake,The Shit,False,3I1iAdgSIR0HvDRVXmQ2RC,https://kworb.net/spotify/track/3I1iAdgSIR0HvDRVXmQ2RC.html,https://open.spotify.com/track/3I1iAdgSIR0HvDRVXmQ2RC
Justin Timberlake,SexyBack (feat. Timbaland) - Linus Loves Remix,False,7bKCVaVXZghGIJeTpxHuti,https://kworb.net/spotify/track/7bKCVaVXZghGIJeTpxHuti.html,https://open.spotify.com/track/7bKCVaVXZghGIJeTpxHuti
Justin Timberlake,*Give It To Me (Laugh At Em) Remix,False,16QhdkYz0dVCRCpD5altlr,https://kworb.net/spotify/track/16QhdkYz0dVCRCpD5altlr.html,https://open.spotify.com/track/16QhdkYz0dVCRCpD5altlr
Justin Timberlake,Like I Love You - Basement Jaxx Vocal Mix,False,3veLgkblb1PumDfpaOZUUH,https://kworb.net/spotify/track/3veLgkblb1PumDfpaOZUUH.html,https://open.spotify.com/track/3veLgkblb1PumDfpaOZUUH
Justin Timberlake,Boutique In Heaven,False,4r8O8EtCwcr4a5E7nMFPCn,https://kworb.net/spotify/track/4r8O8EtCwcr4a5E7nMFPCn.html,https://open.spotify.com/track/4r8O8EtCwcr4a5E7nMFPCn
Justin Timberlake,*Loose Ends,False,2aPCEYzD3CTTWexuPUvJU3,https://kworb.net/spotify/track/2aPCEYzD3CTTWexuPUvJU3.html,https://open.spotify.com/track/2aPCEYzD3CTTWexuPUvJU3
Justin Timberlake,Rock Your Body - Sander Kleinenberg's Just In The Club Mix,False,3F0rUk4uzRRkpeKTioidOA,https://kworb.net/spotify/track/3F0rUk4uzRRkpeKTioidOA.html,https://open.spotify.com/track/3F0rUk4uzRRkpeKTioidOA
Justin Timberlake,*Release - Album Version (Edited),False,2TaiR6M52KpXFixqUcYbv2,https://kworb.net/spotify/track/2TaiR6M52KpXFixqUcYbv2.html,https://open.spotify.com/track/2TaiR6M52KpXFixqUcYbv2
Justin Timberlake,That We Matter,False,16iTFWBvDfUKqC22bmZigz,https://kworb.net/spotify/track/16iTFWBvDfUKqC22bmZigz.html,https://open.spotify.com/track/16iTFWBvDfUKqC22bmZigz
Justin Timberlake,I Designed It,False,3UC8vzNi4oELxLnEBhT0SM,https://kworb.net/spotify/track/3UC8vzNi4oELxLnEBhT0SM.html,https://open.spotify.com/track/3UC8vzNi4oELxLnEBhT0SM
Justin Timberlake,T-Bup,False,3VLN518tJqkt9ssNUalspi,https://kworb.net/spotify/track/3VLN518tJqkt9ssNUalspi.html,https://open.spotify.com/track/3VLN518tJqkt9ssNUalspi
Justin Timberlake,SeÃ±orita - Num Club Mix,False,20DJ04USrTcfez2O208WLe,https://kworb.net/spotify/track/20DJ04USrTcfez2O208WLe.html,https://open.spotify.com/track/20DJ04USrTcfez2O208WLe
Justin Timberlake,I'm Sorry,False,3Wi8YXCocZljlPAINe0Vqe,https://kworb.net/spotify/track/3Wi8YXCocZljlPAINe0Vqe.html,https://open.spotify.com/track/3Wi8YXCocZljlPAINe0Vqe
Justin Timberlake,Pajamas,False,1JFeZSazt9XiyT2Pnusnm3,https://kworb.net/spotify/track/1JFeZSazt9XiyT2Pnusnm3.html,https://open.spotify.com/track/1JFeZSazt9XiyT2Pnusnm3
Justin Timberlake,The Journal,False,7txHCetvxNJeJzATqI0NBc,https://kworb.net/spotify/track/7txHCetvxNJeJzATqI0NBc.html,https://open.spotify.com/track/7txHCetvxNJeJzATqI0NBc
Justin Timberlake,What Goes Around...Comes Around - Instrumental,False,5CORNAMvxPl6uCikCsq1Ei,https://kworb.net/spotify/track/5CORNAMvxPl6uCikCsq1Ei.html,https://open.spotify.com/track/5CORNAMvxPl6uCikCsq1Ei
Justin Timberlake,The Detritus,False,6DP0F7BkKS2oFNx1iPc6HM,https://kworb.net/spotify/track/6DP0F7BkKS2oFNx1iPc6HM.html,https://open.spotify.com/track/6DP0F7BkKS2oFNx1iPc6HM
Justin Timberlake,*The Only Promise That Remains,False,50rT60kWxXDDBHpKfa8yHn,https://kworb.net/spotify/track/50rT60kWxXDDBHpKfa8yHn.html,https://open.spotify.com/track/50rT60kWxXDDBHpKfa8yHn
Justin Timberlake,A Phenomena,False,3tnaEuvez9UIOuAZ8VSnQB,https://kworb.net/spotify/track/3tnaEuvez9UIOuAZ8VSnQB.html,https://open.spotify.com/track/3tnaEuvez9UIOuAZ8VSnQB
Justin Timberlake,The Munchies,False,66sNSzsGcTCmOE676ewSG0,https://kworb.net/spotify/track/66sNSzsGcTCmOE676ewSG0.html,https://open.spotify.com/track/66sNSzsGcTCmOE676ewSG0
Justin Timberlake,Wink and a Mug,False,15bYoyXunRDOJRNSwEv0r0,https://kworb.net/spotify/track/15bYoyXunRDOJRNSwEv0r0.html,https://open.spotify.com/track/15bYoyXunRDOJRNSwEv0r0
Justin Timberlake,It's a Raft,False,6vwT00ziPQrnuiPU3zOrWk,https://kworb.net/spotify/track/6vwT00ziPQrnuiPU3zOrWk.html,https://open.spotify.com/track/6vwT00ziPQrnuiPU3zOrWk
Justin Timberlake,As Dreamers Do,False,6gSKDFZFYGKcwdPXQhQHfl,https://kworb.net/spotify/track/6gSKDFZFYGKcwdPXQhQHfl.html,https://open.spotify.com/track/6gSKDFZFYGKcwdPXQhQHfl
Justin Timberlake,As Dreamers Still Do,False,5DU3rpBehYnsZZX9nHpTzj,https://kworb.net/spotify/track/5DU3rpBehYnsZZX9nHpTzj.html,https://open.spotify.com/track/5DU3rpBehYnsZZX9nHpTzj
Justin Timberlake,Treads,False,2Osi92TGv9RrttG4WB5qOW,https://kworb.net/spotify/track/2Osi92TGv9RrttG4WB5qOW.html,https://open.spotify.com/track/2Osi92TGv9RrttG4WB5qOW
Justin Timberlake,The Ballad of David Pearlman,False,2rjq6lZ4C6XyeTBR8XWrU6,https://kworb.net/spotify/track/2rjq6lZ4C6XyeTBR8XWrU6.html,https://open.spotify.com/track/2rjq6lZ4C6XyeTBR8XWrU6
Justin Timberlake,*Ain't No Doubt About It,False,4ks7wJSUcjcL5TZ0NZHsvT,https://kworb.net/spotify/track/4ks7wJSUcjcL5TZ0NZHsvT.html,https://open.spotify.com/track/4ks7wJSUcjcL5TZ0NZHsvT
Justin Timberlake,The Whole World is Crazy,False,0zLAjn50Tax4Wu8ch4t1cS,https://kworb.net/spotify/track/0zLAjn50Tax4Wu8ch4t1cS.html,https://open.spotify.com/track/0zLAjn50Tax4Wu8ch4t1cS
Justin Timberlake,She Was...,False,0skGOyaQfhNnW8P19Tmeie,https://kworb.net/spotify/track/0skGOyaQfhNnW8P19Tmeie.html,https://open.spotify.com/track/0skGOyaQfhNnW8P19Tmeie
Justin Timberlake,My Love (feat. T.I.) - Ibiza Is Burning Radio Edit,False,0h1uYPgv4oW8YzYhLB3rnb,https://kworb.net/spotify/track/0h1uYPgv4oW8YzYhLB3rnb.html,https://open.spotify.com/track/0h1uYPgv4oW8YzYhLB3rnb
Justin Timberlake,Like a Hurricane,False,3oGMFp6C39OI7NQZ2udVSy,https://kworb.net/spotify/track/3oGMFp6C39OI7NQZ2udVSy.html,https://open.spotify.com/track/3oGMFp6C39OI7NQZ2udVSy
Justin Timberlake,*4 Minutes (feat. Justin Timberlake & Timbaland) [Bob Sinclar Space Funk Edit] - 2022 Remaster,False,759Kh9ltiV6DoANJOMvmEv,https://kworb.net/spotify/track/759Kh9ltiV6DoANJOMvmEv.html,https://open.spotify.com/track/759Kh9ltiV6DoANJOMvmEv
Justin Timberlake,Now We Just Need Some Help,False,08AUnsfZH29IYesfRILdot,https://kworb.net/spotify/track/08AUnsfZH29IYesfRILdot.html,https://open.spotify.com/track/08AUnsfZH29IYesfRILdot
Justin Timberlake,*Love Never Felt So Good - DM EPIC DUB MIX,False,5SwxDD2Koe5WFilKD75fdP,https://kworb.net/spotify/track/5SwxDD2Koe5WFilKD75fdP.html,https://open.spotify.com/track/5SwxDD2Koe5WFilKD75fdP
Justin Timberlake,The People that Left a Mark,False,1cgfzgo5SOFJQ5SaATPuVW,https://kworb.net/spotify/track/1cgfzgo5SOFJQ5SaATPuVW.html,https://open.spotify.com/track/1cgfzgo5SOFJQ5SaATPuVW
Justin Timberlake,Really Something,False,66SALDUR3QX5OQMixTIS4V,https://kworb.net/spotify/track/66SALDUR3QX5OQMixTIS4V.html,https://open.spotify.com/track/66SALDUR3QX5OQMixTIS4V
Justin Timberlake,We'll Make It,False,4zqQwqfJ0flnfjAJY7A65c,https://kworb.net/spotify/track/4zqQwqfJ0flnfjAJY7A65c.html,https://open.spotify.com/track/4zqQwqfJ0flnfjAJY7A65c
Justin Timberlake,It's Just Our Story,False,3PvZ6Lcj7qYtMhhT9962nV,https://kworb.net/spotify/track/3PvZ6Lcj7qYtMhhT9962nV.html,https://open.spotify.com/track/3PvZ6Lcj7qYtMhhT9962nV
Justin Timberlake,My Love (feat. T.I.) - Instrumental,False,2rXovB7Zco7nc3nTHXKJoh,https://kworb.net/spotify/track/2rXovB7Zco7nc3nTHXKJoh.html,https://open.spotify.com/track/2rXovB7Zco7nc3nTHXKJoh
Justin Timberlake,*My Style - DJ Premiere Remix (Explicit Version),False,6HOpPBOcwWI41NP2m8KvPr,https://kworb.net/spotify/track/6HOpPBOcwWI41NP2m8KvPr.html,https://open.spotify.com/track/6HOpPBOcwWI41NP2m8KvPr
Justin Timberlake,*Work It,False,2p3kcHZccLax2ANALiZ3sS,https://kworb.net/spotify/track/2p3kcHZccLax2ANALiZ3sS.html,https://open.spotify.com/track/2p3kcHZccLax2ANALiZ3sS
Justin Timberlake,SexyBack (feat. Timbaland) - Armand's Mix,False,4mfTJE94p31bxmHdbdR0Ma,https://kworb.net/spotify/track/4mfTJE94p31bxmHdbdR0Ma.html,https://open.spotify.com/track/4mfTJE94p31bxmHdbdR0Ma
Justin Timberlake,What Goes Around...Comes Around - Junkie XL Small Room Mix,False,19TDe67uWLsz0lQ1eeuKuY,https://kworb.net/spotify/track/19TDe67uWLsz0lQ1eeuKuY.html,https://open.spotify.com/track/19TDe67uWLsz0lQ1eeuKuY
Justin Timberlake,What Goes Around...Comes Around - Paul van Dyk Club Mix,False,4RRLDVHXVGvtWytIQr0J6V,https://kworb.net/spotify/track/4RRLDVHXVGvtWytIQr0J6V.html,https://open.spotify.com/track/4RRLDVHXVGvtWytIQr0J6V
Justin Timberlake,What Goes Around...Comes Around - Mysto & Pizzi Main Mix,False,2KbPauJ1zCKHmdPUnfP90O,https://kworb.net/spotify/track/2KbPauJ1zCKHmdPUnfP90O.html,https://open.spotify.com/track/2KbPauJ1zCKHmdPUnfP90O
Justin Timberlake,*Get Out,False,6JXyYVlbMgmDxJovjREsAU,https://kworb.net/spotify/track/6JXyYVlbMgmDxJovjREsAU.html,https://open.spotify.com/track/6JXyYVlbMgmDxJovjREsAU
Justin Timberlake,My Love (feat. T.I.) - Linus Loves Remix,False,2jPDxnupAc2AYeUtLwFZWM,https://kworb.net/spotify/track/2jPDxnupAc2AYeUtLwFZWM.html,https://open.spotify.com/track/2jPDxnupAc2AYeUtLwFZWM
Justin Timberlake,*Work It - Copenhaniacs Remix,False,5r2g5UiPQfUECwPgXNBqfk,https://kworb.net/spotify/track/5r2g5UiPQfUECwPgXNBqfk.html,https://open.spotify.com/track/5r2g5UiPQfUECwPgXNBqfk
Justin Timberlake,*Bounce - Instrumental,False,5xF206bEk7nXbgrJVs0fo5,https://kworb.net/spotify/track/5xF206bEk7nXbgrJVs0fo5.html,https://open.spotify.com/track/5xF206bEk7nXbgrJVs0fo5
Justin Timberlake,LoveStoned/I Think She Knows - Don Zee Remix - Radio Edit,False,3zTU04mYmOmGiBBYW1Afj0,https://kworb.net/spotify/track/3zTU04mYmOmGiBBYW1Afj0.html,https://open.spotify.com/track/3zTU04mYmOmGiBBYW1Afj0
Justin Timberlake,My Love (feat. T.I.) - Ibiza Is Burning Mix,False,4xb4P1z9yieoHp3UTKtiUK,https://kworb.net/spotify/track/4xb4P1z9yieoHp3UTKtiUK.html,https://open.spotify.com/track/4xb4P1z9yieoHp3UTKtiUK
Justin Timberlake,What Goes Around...Comes Around - Quentin Harris Mix,False,36Tv8cgjqoilVCSaiZZMwT,https://kworb.net/spotify/track/36Tv8cgjqoilVCSaiZZMwT.html,https://open.spotify.com/track/36Tv8cgjqoilVCSaiZZMwT
Justin Timberlake,What Goes Around...Comes Around - Junkie XL Big Room Extended Mix,False,7GlceNdQ4wwQSc9F1GM9Cz,https://kworb.net/spotify/track/7GlceNdQ4wwQSc9F1GM9Cz.html,https://open.spotify.com/track/7GlceNdQ4wwQSc9F1GM9Cz
Justin Timberlake,LoveStoned/I Think She Knows - Don Zee Remix,False,6D7DBoDFoJ76VLVtDwa7CR,https://kworb.net/spotify/track/6D7DBoDFoJ76VLVtDwa7CR.html,https://open.spotify.com/track/6D7DBoDFoJ76VLVtDwa7CR
Justin Timberlake,SexyBack (feat. Timbaland) - Tom Novy Ibiza Dub,False,1bhDI3FxYjtvJZ0z6Bumx4,https://kworb.net/spotify/track/1bhDI3FxYjtvJZ0z6Bumx4.html,https://open.spotify.com/track/1bhDI3FxYjtvJZ0z6Bumx4
Justin Timberlake,*Falling Down (feat. Justin Timberlake) - Radio Edit,False,2vJoPsdFaaW0v9CztslFU2,https://kworb.net/spotify/track/2vJoPsdFaaW0v9CztslFU2.html,https://open.spotify.com/track/2vJoPsdFaaW0v9CztslFU2
Justin Timberlake,*Love Sex Magic (feat. Justin Timberlake) - Cutmore Remix,False,4t6Hdu73ckzlAHUMLHp5WN,https://kworb.net/spotify/track/4t6Hdu73ckzlAHUMLHp5WN.html,https://open.spotify.com/track/4t6Hdu73ckzlAHUMLHp5WN
Justin Timberlake,LoveStoned/I Think She Knows Interlude - Femi Fem & T-Money Funketeria Mix - Extended,False,72Y2HKafWKIILRju52I2Fo,https://kworb.net/spotify/track/72Y2HKafWKIILRju52I2Fo.html,https://open.spotify.com/track/72Y2HKafWKIILRju52I2Fo
Justin Timberlake,LoveStoned/I Think She Knows - Matrix & Futurebound Extended Remix,False,0ICPCqK5g3zagynFkt1jDX,https://kworb.net/spotify/track/0ICPCqK5g3zagynFkt1jDX.html,https://open.spotify.com/track/0ICPCqK5g3zagynFkt1jDX
Justin Timberlake,Sanctified (feat. Tobe Nwigwe),False,1d299Xu77BNefnRtrZ4r6k,https://kworb.net/spotify/track/1d299Xu77BNefnRtrZ4r6k.html,https://open.spotify.com/track/1d299Xu77BNefnRtrZ4r6k
